Workbook

Sheet ticket
A1: ticket_id | B1: created_at | C1: closed_at | D1: outlet_id | E1: cms_id
A2: isu-sjd-457 | B2: 2021-08-19 16:45:43 | C2: 2021-08-22 12:33:32 | D2: wrqy-juv-978 | E2: vew-iuvd-12
A3: qer-fal-092 | B3: 2021-08-21 11:09:22 | C3: 2021-08-21 17:13:45 | D3: 8woh-k3u-23b | E3: cms-xyz-001
A4: abc-123-def | B4: 2021-08-22 08:30:00 | C4: 2021-08-22 09:45:00 | D4: wrqy-juv-978 | E4: cms-abc-002
A5: lmn-456-opq | B5: 2021-08-23 14:00:00 | C5: 2021-08-24 10:00:00 | D5: 8woh-k3u-23b | E5: cms-lmn-003
A6: rst-789-uvw | B6: 2021-08-23 09:15:00 | C6: 2021-08-23 09:55:00 | D6: out-xyz-004 | E6: cms-rst-004
A7: hij-321-klm | B7: 2021-08-24 11:30:00 | C7: 2021-08-24 12:15:00 | D7: out-xyz-004 | E7: cms-hij-005
A8: pqr-654-stu | B8: 2021-08-25 07:00:00 | C8: 2021-08-26 07:30:00 | D8: wrqy-juv-978 | E8: cms-pqr-006

Sheet feedbacks
A1: cms_id | B1: feedback_at | C1: feedback_rating | D1: ticket_created_at
A2: vew-iuvd-12 | B2: 2021-08-21 13:26:48 | C2: 3 | D2: =IFERROR(INDEX(ticket!B:B, MATCH(A2, ticket!E:E, 0)), "") -> 2021-08-19 16:45:43
A3: cms-xyz-001 | B3: 2021-08-22 10:00:00 | C3: 4 | D3: =IFERROR(INDEX(ticket!B:B, MATCH(A3, ticket!E:E, 0)), "") -> 2021-08-21 11:09:22
A4: cms-abc-002 | B4: 2021-08-22 11:00:00 | C4: 5 | D4: =IFERROR(INDEX(ticket!B:B, MATCH(A4, ticket!E:E, 0)), "") -> 2021-08-22 08:30:00
A5: cms-lmn-003 | B5: 2021-08-24 09:00:00 | C5: 2 | D5: =IFERROR(INDEX(ticket!B:B, MATCH(A5, ticket!E:E, 0)), "") -> 2021-08-23 14:00:00
A6: cms-rst-004 | B6: 2021-08-23 10:30:00 | C6: 4 | D6: =IFERROR(INDEX(ticket!B:B, MATCH(A6, ticket!E:E, 0)), "") -> 2021-08-23 09:15:00
A7: cms-hij-005 | B7: 2021-08-24 13:00:00 | C7: 3 | D7: =IFERROR(INDEX(ticket!B:B, MATCH(A7, ticket!E:E, 0)), "") -> 2021-08-24 11:30:00
A8: cms-pqr-006 | B8: 2021-08-25 08:00:00 | C8: 5 | D8: =IFERROR(INDEX(ticket!B:B, MATCH(A8, ticket!E:E, 0)), "") -> 2021-08-25 07:00:00

Sheet Analysis
A1: Ticket Analysis – Helper Columns & Outlet-Wise Counts
A3: Step 1: Helper Columns added to ticket data
A4: ticket_id | B4: created_at | C4: closed_at | D4: outlet_id | E4: cms_id | F4: Same_Day? | G4: Same_Hour?
A5: isu-sjd-457 | B5: 2021-08-19 16:45:43 | C5: 2021-08-22 12:33:32 | D5: wrqy-juv-978 | E5: vew-iuvd-12 | F5: =IF(INT(DATEVALUE(MID(B5,1,10)))=INT(DATEVALUE(MID(C5,1,10))),"Yes","No") -> No | G5: =IF(AND(F5="Yes",MID(B5,12,2)=MID(C5,12,2)),"Yes","No") -> No
A6: qer-fal-092 | B6: 2021-08-21 11:09:22 | C6: 2021-08-21 17:13:45 | D6: 8woh-k3u-23b | E6: cms-xyz-001 | F6: =IF(INT(DATEVALUE(MID(B6,1,10)))=INT(DATEVALUE(MID(C6,1,10))),"Yes","No") -> Yes | G6: =IF(AND(F6="Yes",MID(B6,12,2)=MID(C6,12,2)),"Yes","No") -> No
A7: abc-123-def | B7: 2021-08-22 08:30:00 | C7: 2021-08-22 09:45:00 | D7: wrqy-juv-978 | E7: cms-abc-002 | F7: =IF(INT(DATEVALUE(MID(B7,1,10)))=INT(DATEVALUE(MID(C7,1,10))),"Yes","No") -> Yes | G7: =IF(AND(F7="Yes",MID(B7,12,2)=MID(C7,12,2)),"Yes","No") -> No
A8: lmn-456-opq | B8: 2021-08-23 14:00:00 | C8: 2021-08-24 10:00:00 | D8: 8woh-k3u-23b | E8: cms-lmn-003 | F8: =IF(INT(DATEVALUE(MID(B8,1,10)))=INT(DATEVALUE(MID(C8,1,10))),"Yes","No") -> No | G8: =IF(AND(F8="Yes",MID(B8,12,2)=MID(C8,12,2)),"Yes","No") -> No
A9: rst-789-uvw | B9: 2021-08-23 09:15:00 | C9: 2021-08-23 09:55:00 | D9: out-xyz-004 | E9: cms-rst-004 | F9: =IF(INT(DATEVALUE(MID(B9,1,10)))=INT(DATEVALUE(MID(C9,1,10))),"Yes","No") -> Yes | G9: =IF(AND(F9="Yes",MID(B9,12,2)=MID(C9,12,2)),"Yes","No") -> Yes
A10: hij-321-klm | B10: 2021-08-24 11:30:00 | C10: 2021-08-24 12:15:00 | D10: out-xyz-004 | E10: cms-hij-005 | F10: =IF(INT(DATEVALUE(MID(B10,1,10)))=INT(DATEVALUE(MID(C10,1,10))),"Yes","No") -> Yes | G10: =IF(AND(F10="Yes",MID(B10,12,2)=MID(C10,12,2)),"Yes","No") -> No
A11: pqr-654-stu | B11: 2021-08-25 07:00:00 | C11: 2021-08-26 07:30:00 | D11: wrqy-juv-978 | E11: cms-pqr-006 | F11: =IF(INT(DATEVALUE(MID(B11,1,10)))=INT(DATEVALUE(MID(C11,1,10))),"Yes","No") -> No | G11: =IF(AND(F11="Yes",MID(B11,12,2)=MID(C11,12,2)),"Yes","No") -> No
A14: Step 2: Outlet-wise Counts
A15: outlet_id | B15: Same_Day_Count | C15: Same_Hour_Count
A16: wrqy-juv-978 | B16: =COUNTIFS($D$5:$D$11,A16,$F$5:$F$11,"Yes") -> 1 | C16: =COUNTIFS($D$5:$D$11,A16,$G$5:$G$11,"Yes") -> 0
A17: 8woh-k3u-23b | B17: =COUNTIFS($D$5:$D$11,A17,$F$5:$F$11,"Yes") -> 1 | C17: =COUNTIFS($D$5:$D$11,A17,$G$5:$G$11,"Yes") -> 0
A18: out-xyz-004 | B18: =COUNTIFS($D$5:$D$11,A18,$F$5:$F$11,"Yes") -> 2 | C18: =COUNTIFS($D$5:$D$11,A18,$G$5:$G$11,"Yes") -> 1

Sheet Instructions
A1: Spreadsheet Instructions & Formula Guide
A3: Q1 – Populate ticket_created_at in feedbacks sheet
A4: Formula used (column D of feedbacks sheet):
A5: =IFERROR(INDEX(ticket!B:B, MATCH(A2, ticket!E:E, 0)), "")
A6: Explanation: MATCH finds the row where cms_id (col A) appears in ticket!E, then INDEX returns the created_at value from ticket!B.
A8: Q2a – Outlet-wise count of tickets created & closed on the SAME DAY
A9: Helper column 'Same_Day?' formula:
A10: =IF(INT(DATEVALUE(MID(B2,1,10)))=INT(DATEVALUE(MID(C2,1,10))),"Yes","No")
A11: Then use COUNTIFS to count per outlet:
A12: =COUNTIFS($D$5:$D$11, outlet_id, $F$5:$F$11, "Yes")
A14: Q2b – Outlet-wise count of tickets created & closed in the SAME HOUR of the same day
A15: Helper column 'Same_Hour?' formula:
... A20: Note: The Analysis sheet contains all helper columns and computed outlet counts.
